,filename,sha256,num_sections,has_rsrc_section,max_entropy,avg_entropy,total_imports,suspicious_api_count,timestamp,is_dll,image_size,is_64bit,is_ransomware
0,avast.exe,6f486a9d30bc410250a27bd1b1a5b95518c70bf29be93e5f36888f170024cb12,6,1,6.67300732033881,4.746518393585625,185,11,1726818470,0,258048,0,0
1,Windows_Credentials_Viewer.exe,501a946121cf6dc612f9ba078067392ef8c4f2f78adf79e8ebcccf01bf6b9d07,5,1,7.007301806165406,5.728302666982326,674,16,1496170115,0,4804608,0,0
2,RiotClientCrashHandler.exe,d224446bc4aed018940fe1a13e5bab2e6b98769199a612e07493bd091b394315,6,0,6.32838510688035,4.244156915158633,191,9,2396255610,0,917504,1,0
3,RiotClientFoundation.dll,8cf741ffcd8b2492219be0e00cc8db23e11b669615b48c75f4c250ab2dd98d67,7,1,6.636638076380549,4.95819394014025,440,17,380415491,1,16805888,1,0
4,RiotClientServices.exe,76282276fcaad1118c3eff19d5802747e035fe57bcd03e55974060c648ef3aeb,7,1,7.997689565492429,5.343995815305611,380,12,3586101223,0,74416128,1,0
5,RiotGamesApi.dll,ec2433e58fd560d87f167ded6a4333147f4267006d656cfed5ba417fa4e46f72,8,1,6.820481088779784,4.457553228690832,385,16,271584988,1,32817152,1,0
6,vgrl.dll,6b848c224d20a9f645b354cffa8ae97083baf3df681550ab233c4c2c1f1467cb,8,1,7.746017725834842,1.6385182738838504,15,2,1584381510,1,4939776,1,0
7,vivoxsdk.dll,e39d99ec653954ba115eab92c74beaf2339e314883f5c255fd6247de17ccab9e,7,1,7.126697868065651,5.194909775873184,251,12,1724351624,1,13000704,1,0
8,Battle.net.exe,a31d9091bee3a6898f1579e9b6cd6a8c53cfc4edfdecca5e6f7324966632bd1a,5,1,6.656059425947971,5.38229640006445,184,10,1753827263,0,1007616,0,0
9,Battle.net Launcher.exe,088511f49fd6a67af6a536982f7d6da802edb281a39e0baeac11560dbbbf7472,5,1,6.607124154063022,4.736400046197841,68,5,1753826612,0,221184,0,0
10,temp_55378fa22eff4403dae46bf6f2453db5.exe,b15c0e1becc748b9b8bb107cfbdee829af15a47d1f309f2f2c05d074b61848e7,5,1,6.656059425947971,5.382116720702362,184,10,1750803574,0,1007616,0,0
11,dsetup32.dll,fb0e534f9b0926e518f1c2980640dfd29f14217cdfa37cf3a0c13349127ed9a8,4,1,6.636639093746512,5.029284970466432,148,9,1301485198,1,1581056,0,0
12,DSETUP.dll,2a61679eeedabf7d0d0ac14e5447486575622d6b7cfa56f136c1576ff96da21f,4,1,6.595741185762656,4.173435408370243,119,8,1301485198,1,106496,0,0
13,DXSETUP.exe,8f47d7121ef6532ad9ad9901e44e237f5c30448b752028c58a9d19521414e40d,4,1,6.665268599333472,5.108086066770996,141,8,1301485200,0,532480,0,0
14,bfsvc.exe,e53b4bdbc11a8b149811cc19209987fe80dea5d5640f23bd1b5c386684bc635b,6,1,5.9957703590678735,2.509113195838207,156,8,2960803844,0,118784,1,0
15,HelpPane.exe,00ffb5f723198260582ef81b4dfd19ebbecad21b1ca72a0daa11e2f860436635,7,1,6.426250840767204,4.008401635971373,337,6,2195115318,0,1093632,1,0
16,hh.exe,0209f862aa595e9e155644830f380e9753dc58357967ef8252fa2fc7ea717c7e,6,1,3.9637788238337017,2.0063407915206177,43,2,3397523138,0,36864,1,0
17,notepad.exe,49f096cbf9337b0a80bde835d29be41bc9371057c4ff6c72f8a36158c29cfa3a,7,1,6.968073976738397,3.718786266145863,315,6,534512906,0,368640,1,0
18,regedit.exe,b5d3fb88607585002252c19a89422363ddfdfb386f7c5af8791e712bd3d0991f,7,1,6.129982916054033,3.218443235171164,387,5,490310950,0,847872,1,0
19,splwow64.exe,100be82d02adaa5ae4171aedd6ce8120a168cd5499cadd1bae1db55fa83b26e5,7,1,6.19704315111942,3.3759411470781613,196,6,2224445469,0,192512,1,0
20,0ae3b998-9a38-4b72-a4c4-06849441518d_Servicing-Stack.dll,c95e24ca8687ba3529b8d18c4e9abe4320e1871c562c03f0392c9ffe2646ecf6,4,1,1.3026936552989754,0.583869474196693,0,0,230931966,1,20480,1,0
21,6bea57fb-8dfb-4177-9ae8-42e8b3529933_RuntimeDeviceInstall.dll,ad6ad1e78bdf38e596cb98237cbe6a16f038d75d1967814e28ea153107ce07bc,4,1,1.324208801806955,0.614256823154732,0,0,2508235839,1,20480,1,0
22,69fe178f-26e7-43a9-aa7d-2b616b672dde_eventlogservice.dll,4409db35c786aa1eb8e6d8a2ac283a0d20ceaa9d721a9be836c3d2eaa42cabbc,4,1,1.3013229685115506,0.5793767834592878,0,0,1217779245,1,20480,1,0
23,4545ffe2-0dc4-4df4-9d02-299ef204635e_hvsocket.dll,23cb4b38c97ae0252468fda3d8f80fa2ce72f61569604acaf51d51440e1b2b02,4,1,1.265016997459701,0.5629969360164214,0,0,1417277913,1,20480,1,0
24,aadauthhelper.dll,488afc9d0e954bf4324b0a3ea6d57cbadf0333fc199ddf39456061c7cc0587d9,7,1,6.3125765403039615,2.840140065288593,217,4,1259901255,1,475136,1,0
25,aadcloudap.dll,82f8935b31f529dc0e5992e20528ea879fc29a225cb232473cb3b2307d95f44d,7,1,6.327250300216748,3.667279800912018,232,3,2775874676,1,983040,1,0
26,aadjcsp.dll,817927a00aa747a2c085a7b7b5479c1b9ed75a463f28eaf6539f9ac58781c9cb,6,1,6.1594277653771465,3.052013165374094,99,1,2394766300,1,94208,1,0
27,aadtb.dll,3074705327edc94486c7ad9dfb9103c4bc4fef7a8264882f76e703cd70c9b223,8,1,6.359776298747953,4.459265087047298,178,3,1628613038,1,1544192,1,0
28,aadWamExtension.dll,99c9bbcb542b38de63b67ad6f22727651ed7016dba8cd42dbc3549007f5e5068,7,1,6.200752449542996,3.23434287901164,162,3,4244158861,1,217088,1,0
29,AarSvc.dll,4f4f418edf4cf86f857a05c822edc51c1063b886b0a77d194ee1f3f8bb5cc5d3,6,1,6.403409285025673,4.536327152110322,204,1,4172751625,1,716800,1,0
30,AboutSettingsHandlers.dll,2ea9008db011823518cdb123d530a862eb1c4532057aae6e891c57b04550e35a,7,1,6.436503660231131,3.723540169650013,315,2,192094169,1,921600,1,0
31,AboveLockAppHost.dll,54e6ace454adeb628b89cdc5dcc3e0b8e67dcdaa0498b74dae16bee3ca3565b1,7,1,6.2421229621956345,3.175810936179027,178,1,3734436236,1,430080,1,0
32,accessibilitycpl.dll,182914d81ace8b4c10ea347303d5c6be1a52b86169c3e2e20784fa20c91e7025,7,1,6.286822787488228,3.458571905553722,363,4,987119039,1,311296,1,0
33,accountaccessor.dll,7d96cbd9926f5893c567f298674d4f4e7d124431837e9de26196a388c774177a,7,1,6.305808971880299,3.256197777228224,208,2,3809260876,1,303104,1,0
34,AccountsRt.dll,76b8bdaf8756a70955cd1b85bf94f3ef2cf6e9f1eeb956348a350a6c9ddf4a4d,7,1,6.336197578642317,3.763587556761041,206,4,2258697774,1,495616,1,0
35,AcGenral.dll,a5e982c1cb1e641a0d11d2493353fbc56165e595c9dfe27693bc411e6b9a2b27,7,1,6.216008052550473,3.2986216197095817,317,7,885853882,1,450560,1,0
36,AcLayers.dll,5822a5f989c96f78725e147d2c80aaa38d0e822ec3e906864af0a05819270919,7,1,6.190601986145024,3.216563608935903,225,8,390489377,1,4890624,1,0
37,amstream.dll,28508060cc537a812a38e74dfa6c2cfe9fb3135b212289ef9c1bc55ad1424af8,6,1,6.212240282142907,3.530240284214104,90,3,2286384593,1,126976,1,0
38,Analog.Shell.Broker.dll,87e09cb2b4e99f5b3e9f29de8b8dffb8ed4a6866829e421493e388bc4780e452,7,1,6.3063290548596,3.558084927275772,198,2,193990380,1,270336,1,0
39,AnalogCommonProxyStub.dll,531d508f143dbc66621df46c9c79d2724fd1b16b5798eb11c2ed3e618af479c3,6,1,5.307411660150467,2.0980387892183825,24,0,3127794815,1,45056,1,0
40,apds.dll,945fd787b7ff17c872e6ea5f27ffacd63c1cb8c786aea68ced89f380a7c6b891,7,1,6.163774421763415,3.7202335057343783,168,6,2798907257,1,266240,1,0
41,APHostClient.dll,e7fa9e33450178aa62a48747cc988ebb306d6de424ac9bf05c3598e4bcf26ef1,7,1,6.0581742349856,2.3473786433522306,94,3,3749047033,1,98304,1,0
42,APHostRes.dll,20a1ff70dcba938a3b40b2566737d13ea0e3797193aab6d8a929c4b2dc828714,2,1,3.3431096656350743,1.8581598240302588,0,0,2226068388,1,24576,1,0
43,APHostService.dll,3cb916576c30151566086df2977a5cd8b9cba7212b3743e5511a31cbcae7aef0,7,1,6.26755607687479,3.3286525845735397,172,2,2038521538,1,393216,1,0
44,apisampling.dll,74da9ff522326bc017dc2d0fa06cc9a01e5f742168c26e323c5b98de19ed3b24,6,1,6.288597616418772,3.695468067335616,200,5,3926529879,1,327680,1,0
45,ApiSetHost.AppExecutionAlias.dll,fdcba9793c5692e96838efd24e2030ad86ce9bba31161e40a3a16524b3c5eb01,7,1,6.218439825967438,2.6649230886985125,190,2,2242593449,1,204800,1,0
46,apisetschema.dll,930dd08c00ea26641ccae35a3fa15f991efae94b357a7c136526711c96600e5f,4,1,3.465507336491721,1.3040599907290122,0,0,555175652,1,143360,1,0
47,APMon.dll,03d3d384f3c6d6033777a3ed4d351e57872bdf416fae312c7c0614e128c76b75,7,1,6.363005804980763,4.392545544119252,285,3,4124879434,1,1474560,1,0
48,APMonUI.dll,d9b6c3ad831e3d4b03fed39a139dc213b56ddd80cdde1fdc04ace52dcbf9125b,6,1,6.109343312987511,2.68573782319676,98,3,2245039030,1,77824,1,0
49,AppContracts.dll,8607e25af62f43bdbb6f2aebd8fed044ab2f0b4bdc64558e9d64e806d1aafc71,7,1,6.299275264685171,3.635619020806733,217,3,2218301023,1,1024000,1,0
50,AppExtension.dll,e843be39c98e8057fc13236efbc193b39cd53b7683aed37056612e17308ed4f7,7,1,6.302888060065476,3.420659801157714,152,2,2439410843,1,266240,1,0
51,apphelp.dll,4589b2aedb9985f43bdfe1a34f59de9c547350055ef16dc2f6eb3e6af02f3ff7,7,1,6.381493775428062,4.0304793784169926,240,9,820344318,1,622592,1,0
52,AutomaticAppSignInPolicy.dll,6624c1e4916ac03a3898e21dcbb1969229bc1afc08b7d5f8a9ed4ccc44290cdf,6,1,6.25961395145375,4.104667724654042,95,2,2981886566,1,81920,1,0
53,autopilot.dll,3a375421a010a0fcc3d6213692cc51b6ad988dcb75299f61c9a526504a28e686,7,1,6.207319324990179,2.688226773741543,216,6,1625923942,1,217088,1,0
54,autopilotdiag.dll,1fc1e014865d1843a5f4c79b00023ee2571a5b69d920329f74343dbc612b3113,6,1,5.645889274565438,2.2512162158510813,24,0,1221447712,1,57344,1,0
55,autoplay.dll,3a1e7e4dc2d79670a3d1542e2980aaee0a1348c2d641929a6a2664a9eb9ade3c,7,1,7.009385041752079,3.613946678779492,318,2,918646660,1,200704,1,0
56,autotimesvc.dll,97bf4677d263bcfe048968cd62b4cc97b3cb65d3786ec347705a8462c17e3239,7,1,6.018512623471099,2.4350925899583484,177,2,772753374,1,139264,1,0
57,avicap32.dll,31161cbdf950ebbbfbea44245e3eb4c11bf7361ee2cfb2a6151d5a56781b06c0,6,1,6.009109733571754,2.570659150980822,184,7,1920131786,1,106496,1,0
58,avifil32.dll,f89d27cdba9383dc2d6d32ace138d97b7643a66cc183ec2ea7794136b07e87cb,6,1,6.308932967909107,3.1504677552652294,138,2,1202788391,1,147456,1,0
59,avrt.dll,e1e516dde077efc1c16c7aea4d6d1b2a35d1181fafa12bf7a9ffe40d96ed0374,6,1,5.206904453130768,2.0651069717160992,32,1,563309787,1,45056,1,0
60,AxInstSv.dll,f609a139d3a9c52e35c7c905a594aa9618f45620d4ce1ebe88e67ae29d39e809,7,1,6.1581238625948265,2.7734234580377515,219,6,1206747891,1,172032,1,0
61,AxInstUI.exe,b7bd6859434dc15e1ec9b9337ae08786413c3b01b7962eb28488f00f787e5c62,6,1,5.688906613260305,2.164324875874484,50,1,3844953750,0,81920,1,0
62,azroles.dll,3aed13bff8eb46128b20a8a47a9ad4979781c28e92dbb526376713fb2f67eb12,7,1,6.324754574561896,4.0138528060820615,293,10,3785076698,1,667648,1,0
63,azroleui.dll,a3180a5591535472db2c149265e0ac5a2a7b7b01704710da086473f7d06fd2c1,6,1,6.2295831227183465,4.369428865500365,442,7,1074035907,1,466944,1,0
64,AzSqlExt.dll,2c66ee7365c3560b4c061fc38031606b8459ba2cbc93b9feb34203ac1be21d85,6,1,6.100778415827022,2.1831904215532183,63,2,1591750598,1,53248,1,0
65,baaupdate.exe,db398b13ddead910fe85ec163f4d181eff03b13d946a5f022e2948921cfaa193,6,1,6.973889079093338,3.1582889948217616,85,0,930289422,0,131072,1,0
66,BdeUISrv.exe,65936366c863a455cce088c9f1ec41b15d4baac376fbdcd9ab5cd41e57099dd9,6,1,5.9896625759699695,2.742642778147905,150,2,816256558,0,77824,1,0
67,bdeunlock.exe,f52e19ba4da44ab3ca36ffd388a8af158e15d48351f0dafd9edc5394f78c2fc0,7,1,7.084958544782173,3.461069939859409,167,2,189423421,0,311296,1,0
68,BioIso.exe,d444051b1335abcfc483fbe39f307e5ca8b2a00938e22d132e3ce00fe50e134f,11,1,6.679876930254076,3.473124991487904,155,2,3191265231,0,655360,1,0
69,browser_broker.exe,30e612e91d30055e66e7b6d1b1054e283ecbb229621ccaae304192f94c4226f6,7,1,5.900159513912067,2.5362137486083585,95,2,1975347910,0,61440,1,0
70,browserexport.exe,72409ff79f3fc66ac6aab5dbc3979ee25f5af8d34860d03fe9ede7de76bdc7a2,6,1,6.109603499608665,2.921497752341272,238,4,175227709,0,155648,1,0
71,CIDiag.exe,c51fed47ec2ec4f8197066df011ddffbbea95640b3faeb390ec35ee3823c1873,6,1,5.5956856992822415,2.1750607355435085,76,3,1348765860,0,61440,1,0
72,cipher.exe,8a939f48d396436c4e905f179ce961897bc552ebb818e387154f5d190f1f7532,7,1,5.933490627538051,2.0759187549878746,151,8,2776785071,0,81920,1,0
73,CiTool.exe,383b5cd8dca697f0a69036d227abde5d81443684afd18f055e27651298a54bed,6,1,6.314956208231907,4.193818868551105,176,2,4148736306,0,311296,1,0
74,cleanmgr.exe,28ce8591811dea64e397b1464b982b14d6fd856dfe8ff16ec34fa16673efdf61,7,1,5.917604119043936,3.0205279959308897,178,2,9398617,0,299008,1,0
75,cliconfg.exe,879e6ac418729fbec424f618633f6c4ec5af477470bc575ecb26e1669a09d1a0,6,1,5.552195458780551,2.3778979686170523,48,2,3264427454,0,49152,1,0
76,CompPkgSrv.exe,1a2890f9dbfbf8bce6c39f27149aa8b0381edfec1e795b3b8a961591ad1039e2,7,1,6.3444567666198965,2.933971054797761,102,0,4200000968,0,151552,1,0
77,ComputerDefaults.exe,274aa1b7c137d52383e493e85e87dd8545beda2c465b251132f1f708b6d6cb50,6,1,6.057758907871618,2.7865020739839963,57,1,4139269254,0,69632,1,0
78,d3dx9_35.dll,ca195b7ee7aee29e6417acf0e6c1736d9aac76890a622eb62ed137394fc6f2b9,5,1,6.322532040206092,5.079863613884456,217,11,1184887342,1,5189632,1,0
79,d3dx9_36.dll,c683e8e543bdd678dfdea0b325a3de04a419eeb053e2f32702d8b472aaf54c6d,5,1,6.337383875301794,5.085052234261922,217,11,1192062770,1,5197824,1,0
80,d3dx10.dll,03115a37f75fffb7abf07a59ec6ecb5217d3479bc95f92846c7e9b91822a0567,5,1,6.448607779879564,4.213349728748828,116,6,1164765969,1,479232,1,0
81,d3dx10_34.dll,f7f367df5d0fb5e32113515339d928a51d4253b1c0e21854277f67d0b271fce3,5,1,6.450209981499943,4.261794492392316,120,6,1179211159,1,512000,1,0
82,d3dx10_35.dll,2030b7d57c88b653a0eb55ea85ad90c6c8630a00f5a56ea5f9b6985acdda5289,5,1,6.447334020445482,4.259257841354552,120,6,1184886585,1,512000,1,0
83,d3dx10_36.dll,6b632dcf9ef779d72855eeb1bb4676ab922ffb9204f7d587475477fa2f51be4a,5,1,6.447314065744051,4.260860424049249,120,6,1184922245,1,512000,1,0
84,devenum.dll,bec4be719e8cc1eaa9db0ced599825b9d44b469e987d1546716d782a71408bc9,7,1,6.157407621344097,2.993551594818767,141,3,1991496751,1,135168,1,0
85,dstokenclean.exe,073e9922d84caaa744f5cf99638306bab74980ca7dd8513d91e072aa2c9692ec,6,1,3.897908706429748,1.4138429264137289,42,0,3579648604,0,36864,1,0
86,dtdump.exe,f89113a30a84094e5781d31b22913cc0c13329a9dfaa45336c900da54438f7d2,7,1,6.092760855676559,3.468343064373997,105,2,1886552257,0,163840,1,0
87,EDPCleanup.exe,91cf2b38aab6d8952388df531be72d281d3e9157dff975b0c14420a8bec43f45,7,1,6.158055764817603,2.602068817929547,191,6,3661114217,0,167936,1,0
88,edpnotify.exe,21b9773c337e465fff884d712e2b42ca081c9f70424f26d71955bbe80223728f,8,1,6.108755184178532,2.0640535963604525,127,1,2390538541,0,94208,1,0
89,MuiUnattend.exe,53bf6ccbc9a28d106df589bbab98675f7e2461994989b291fceed30186d3d172,7,1,6.076581627487457,2.274534020994381,127,6,2237640354,0,114688,1,0
90,Narrator.exe,fb1f01c5a628d6b87be8a250d14c84d9642f84da0d4ecb5f9dd6e2fc3f71c9c3,7,1,6.296077044882446,4.0845886652322125,718,8,1323155597,0,942080,1,0
91,nltest.exe,65a30c2e1affea69793c5de5554a673a7167f129c45730f1ebef954c36bce897,6,1,5.971671877806279,3.8716695320413272,166,6,1103348518,0,618496,1,0
92,OneDriveSetup.exe,48a181bb27dcdffbf2d467e6004a40677b68d2d07399dd87f5ee0a2b51e5837c,8,1,7.991330447519093,4.848830529452468,576,21,3867353211,0,50348032,1,0
93,PresentationSettings.exe,426acbe3635b838cbf2b17c02d0442034bf5da2016fe766aa487471709dcaa15,6,1,6.41760994969132,3.894022873897866,195,3,3587304032,0,258048,1,0
94,print.exe,aeecaedeccc9dcb0a8d910503f876ef8b9a75f0f2dca1363992befa0f6d11c15,6,1,5.317850037305592,2.0674802744576586,90,0,3390288829,0,36864,1,0
95,RmClient.exe,f7e9749e22196a7cbdaae5e5b0aa4f77063dd8c8021dbd02171acc2f4e35cea6,6,1,4.918572432406124,1.815692246197269,54,2,705152604,0,40960,1,0
96,rmttpmvscmgrsvr.exe,6053bfcb505585bb6849bd36cd73e94adc24056702f5c10f53654869195aeed0,6,1,6.023535736810292,3.2521414937523154,170,4,3571522724,0,143360,1,0
97,SecurityHealthHost.exe,dab3bcd84cd073f6043c69b586c1f2ab685cdeac648e41f1b02b8a6dfbfd185f,6,1,6.231021838386042,3.537426916617012,138,3,903308016,0,110592,1,0
98,SecurityHealthService.exe,216eb0f6861d685f3ada4be968968358d3e6c6b5248184892c76a593ac969da0,7,1,6.125144273550691,2.706964213426162,146,5,3795575014,0,139264,1,0
99,SecurityHealthSystray.exe,0a8804cb309ebc3cdd2e3787fbf3c129a20e387873ff13eea18ad95e5153e5f4,7,1,5.9733212393284525,2.843669240322537,114,4,1598817137,0,266240,1,0
100,srdelayed.exe,92a0cb1c7255a4e97bec9663dfeb9be983d489173d69b4fd6654a5538723b000,6,1,5.740955831385604,2.197171705853639,40,1,1271382438,0,36864,1,0
101,cerber.exe,e67834d1e8b38ec5864cfa101b140aeaba8f1900a6e269e6a94c90fcbfe56678,4,1,6.553433967169684,4.741730951606167,317,13,1495658914,0,630784,0,1
102,cryptowall.bin,45317968759d3e37282ceb75149f627d648534c5b4685f6da3966d8f6fca662d,4,1,6.521482048815304,5.077275285250202,183,5,1421137545,0,54423552,0,1
103,ed01ebfbc9eb5bbea545af4d01bf5f1071661840480439c6e5babe8e080e41aa.exe,ed01ebfbc9eb5bbea545af4d01bf5f1071661840480439c6e5babe8e080e41aa,4,1,7.999867975099673,6.380855889369371,114,7,1290243905,0,3514368,0,1
104,Ransom.Xdata.exe,f0103528b96533db9d76df0f760b4d0ffc1a142b0070e3a70e6f9a724d726fbd,5,1,7.25581602471619,6.645419662186003,2,0,1415348819,0,270336,0,1
105,Ransom (17.06.05) .exe,dcf5da82c4785d8cca8f4d4478bebbf4ff7af25e584ee6fe86e8ce65363ff28c,5,1,7.25581602471619,6.211749213545646,2,0,1415348819,0,94208,0,1
106,Win32.Wannacry.exe,55504677f82981962d85495231695d3a92aa0b31ec35a957bd9cbbef618658e3,5,1,4.742143629201321,1.4009962506900135,13,2,1494505297,1,5267456,0,1
107,Ransomware.Unnamed_0.exe,517ac5506a5488a1193686f66cb57ad3288c2258c510004edb2f361b674526cc,3,1,7.996507662182027,4.045040145876998,1,0,1522486135,0,950272,0,1
108,svchost.exe,e5c643f1d8ecc0fd739d0bbe4a1c6c7de2601d86ab0fff74fd89c40908654be5,3,1,7.55442808801952,4.915583824484805,1,0,1498580014,0,745472,0,1
109,windows_25bfec0c3c81ab55cf85a57367c14cc6803a03e2e9b4afd72e7bbca9420fe7c5,25bfec0c3c81ab55cf85a57367c14cc6803a03e2e9b4afd72e7bbca9420fe7c5,3,0,7.999675832951478,3.1708690111854385,4,3,0,0,3219456,0,1
110,211xahcou.dll,33aceb3dc0681a56226d4cfce32eee7a431e66f5c746a4d6dc7506a72b317277,6,0,5.989721244774966,4.169151172618171,40,7,0,0,4448256,1,1
111,zi1ysv64h.dll,3858e95bcf18c692f8321e3f8380c39684edb90bb622f37911144950602cea21,6,0,6.197681515808936,4.210131304495006,40,7,0,0,3862528,1,1
112,sjl8j6ap3.dll,b6b1ea26464c92c3d25956815c301caf6fa0da9723a2ef847e2bb9cd11563d8b,10,0,6.117309708565526,3.390106711636951,139,7,0,0,704512,1,1
113,131.exe,2ecc525177ed52c74ddaaacd47ad513450e85c01f2616bf179be5b576164bf63,5,1,6.636626104219522,4.652927971231565,112,5,1461477640,0,2433024,0,1
114,DUMP_00A10000-00A1D000.exe.ViR,2c4c8066a1a7dfdf42c57ff4f9016f1ba05bcb004ff8b0ffc0989165d2ad30e2,3,1,7.783748499610266,3.7139514264864606,12,5,1452003840,0,102400,0,1
115,3b4e0460d4a5d876e7e64bb706f7fdbbc6934e2dea7fa06e34ce01de8b78934c,3b4e0460d4a5d876e7e64bb706f7fdbbc6934e2dea7fa06e34ce01de8b78934c,4,1,7.113736170910586,5.60422528063499,138,3,1484836636,0,417792,0,1
116,3e035f2d7d30869ce53171ef5a0f761bfb9c14d94d9fe6da385e20b8d96dc2fb,3e035f2d7d30869ce53171ef5a0f761bfb9c14d94d9fe6da385e20b8d96dc2fb,3,0,7.668417340043036,6.525306085589738,0,0,3632400331,0,86016,0,1
117,8a0a191d055b4b4dd15c66bfb9df223b384abb75d4bb438594231788fb556bc2,8a0a191d055b4b4dd15c66bfb9df223b384abb75d4bb438594231788fb556bc2,4,1,7.113736170910586,5.60422528063499,138,3,1484836636,0,417792,0,1
118,362baeb80b854c201c4e7a1cfd3332fd58201e845f6aebe7def05ff0e00bf339,362baeb80b854c201c4e7a1cfd3332fd58201e845f6aebe7def05ff0e00bf339,4,1,7.113736170910586,5.60422528063499,138,3,1484836636,0,417792,0,1
119,840af927adbfdeb7070e1cf73ed195cf48c8d5f35b6de12f58b73898d7056d3d,840af927adbfdeb7070e1cf73ed195cf48c8d5f35b6de12f58b73898d7056d3d,3,0,7.670637128876852,6.52604601520101,0,0,3632400331,0,86016,0,1
120,2280898cb29faf1785e782596d8029cb471537ec38352e5c17cc263f1f52b8ef,2280898cb29faf1785e782596d8029cb471537ec38352e5c17cc263f1f52b8ef,3,0,7.670983296986999,6.5261614045710585,0,0,3632400331,0,86016,0,1
121,b5b105751a2bf965a6b78eeff100fe4c75282ad6f37f98b9adcd15d8c64283ec,b5b105751a2bf965a6b78eeff100fe4c75282ad6f37f98b9adcd15d8c64283ec,3,0,7.666354449998426,6.524618455574868,0,0,3632400331,0,86016,0,1
122,c75748dc544629a8a5d08c0d8ba7fda3508a3efdaed905ad800ffddbc8d3b8df,c75748dc544629a8a5d08c0d8ba7fda3508a3efdaed905ad800ffddbc8d3b8df,3,0,7.669561991280099,6.525687636002092,0,0,3632400331,0,86016,0,1
123,ccd6a495dfb2c5e26cd65e34c9569615428801e01fd89ead8d5ce1e70c680850,ccd6a495dfb2c5e26cd65e34c9569615428801e01fd89ead8d5ce1e70c680850,4,1,7.113736170910586,5.60422528063499,138,3,1484836636,0,417792,0,1
124,e75717be1633b5e3602827dc3b5788ff691dd325b0eddd2d0d9ddcee29de364f,e75717be1633b5e3602827dc3b5788ff691dd325b0eddd2d0d9ddcee29de364f,3,0,7.669008611584625,6.525503176103601,0,0,3632400331,0,86016,0,1
